{
  "baseline": {
    "precision": [
      0.8603006189213086,
      0.9582623509369677,
      0.91,
      0.9550102249488752,
      0.9412350597609562,
      0.9727488151658767,
      0.985945945945946,
      0.9889624724061811,
      0.9717514124293786,
      0.9083895853423336
    ],
    "recall": [
      0.9938712972420838,
      0.9929390997352162,
      0.9718446601941747,
      0.9265873015873016,
      0.9642857142857143,
      0.9224719101123595,
      0.9539748953974896,
      0.872444011684518,
      0.8838643371017472,
      0.9345238095238095
    ],
    "f1": [
      0.9222748815165877,
      0.9752925877763329,
      0.939906103286385,
      0.9405840886203424,
      0.9526209677419355,
      0.9469434832756632,
      0.9696969696969697,
      0.9270563890325918,
      0.9257265877287406,
      0.9212713936430318
    ],
    "macro_precision": 0.9452606485857824,
    "macro_recall": 0.9416807036864414,
    "macro_f1": 0.9421373452318582
  },
  "post_trained_eta_1e-5": {
    "precision": [
      0.8398268398268398,
      0.9312913907284768,
      0.8238683127572016,
      0.9545454545454546,
      0.9001919385796545,
      0.9658119658119658,
      0.9928994082840237,
      0.9961240310077519,
      0.9367816091954023,
      0.8342342342342343
    ],
    "recall": [
      0.9908069458631257,
      0.9929390997352162,
      0.9718446601941747,
      0.8958333333333334,
      0.9571428571428572,
      0.8887640449438202,
      0.8776150627615062,
      0.750730282375852,
      0.8376156217882836,
      0.9186507936507936
    ],
    "f1": [
      0.9090909090909091,
      0.9611277231952157,
      0.8917594654788419,
      0.9242579324462641,
      0.9277942631058358,
      0.9256875365710943,
      0.9317046085508051,
      0.8561910049972238,
      0.8844275637547477,
      0.874409820585458
    ],
    "macro_precision": 0.9175575184971004,
    "macro_recall": 0.9081942701788964,
    "macro_f1": 0.9086450827776394
  }
}